cluster,locations,violations,avg_severity,junction_ratio,violations_norm,severity_norm,junction_norm,congestion_score,risk_level,v_norm,s_norm,j_norm,recommendation
3,4216,175874,3.4669548892137803,0.6407600500782843,1.0,0.0751335300424425,0.6407600500782843,71.48973900223532,Critical,1.0,0.0751335300424425,0.6407600500782843,Immediate enforcement deployment
19,467,19873,4.599857449924817,0.0,0.11297549326206857,0.25741873691469297,0.0,13.213998018591438,Low,0.11297549326206857,0.25741873691469297,0.0,Routine surveillance
1,426,7222,3.2763657795048995,0.08257889104061647,0.04104167851253767,0.04446754296136757,0.08257889104061647,4.812872650395696,Low,0.04104167851253767,0.04446754296136757,0.08257889104061647,Routine surveillance
16,125,7178,3.4131939515331733,0.001,0.04079149371695002,0.06648333894339076,0.001,4.124573096601771,Low,0.04079149371695002,0.06648333894339076,0.001,Routine surveillance
65,151,5818,4.71857670271242,0.0,0.03305850912605902,0.27652078885155595,0.0,8.89653026885244,Low,0.03305850912605902,0.27652078885155595,0.0,Routine surveillance
2,365,5763,3.9473936062088266,0.4826338774839856,0.032745778131574456,0.15243662207704378,0.4826338774839856,13.015170402080345,Low,0.032745778131574456,0.15243662207704378,0.4826338774839856,Routine surveillance
11,337,4699,3.4658262309479806,0.9624003480310349,0.02669585489281856,0.0749519277470605,0.9624003480310349,17.91155470771115,Low,0.02669585489281856,0.0749519277470605,0.9624003480310349,Routine surveillance
6,222,4573,3.997091040785188,0.27616778209177045,0.025979416614544833,0.16043299127678,0.27616778209177045,9.712106510168747,Low,0.025979416614544833,0.16043299127678,0.27616778209177045,Routine surveillance
20,153,4424,3.845280565062318,0.0,0.025132199920395747,0.13600652696095228,0.0,4.908095169247552,Low,0.025132199920395747,0.13600652696095228,0.0,Routine surveillance
73,68,4195,4.708128318221384,0.0,0.02383010177972366,0.27483963285943425,0.0,8.300796928269277,Low,0.02383010177972366,0.27483963285943425,0.0,Routine surveillance
67,51,3526,3.133251754598333,0.0,0.020026155683175072,0.021440346677125244,0.0,1.7375780079186351,Low,0.020026155683175072,0.021440346677125244,0.0,Routine surveillance
36,58,2113,3.2040579417803485,0.0,0.011991812133962585,0.032833136247843675,0.0,1.540337134233847,Low,0.011991812133962585,0.032833136247843675,0.0,Routine surveillance
70,58,1959,4.21240755016167,0.8719211822660098,0.01111616534940581,0.19507764282569107,0.8719211822660098,18.622728725596772,Low,0.01111616534940581,0.19507764282569107,0.8719211822660098,Routine surveillance
48,115,1585,3.594459834669159,0.0,0.008989594586910786,0.09564920911812702,0.0,2.9306059031678227,Low,0.008989594586910786,0.09564920911812702,0.0,Routine surveillance
23,96,1416,3.2222562449683405,0.05034722222222222,0.008028657531130948,0.03576126226361076,0.05034722222222222,2.130959341791459,Low,0.008028657531130948,0.03576126226361076,0.05034722222222222,Routine surveillance
12,83,1415,3.49131258842819,0.6758432374330751,0.00802297151304941,0.0790527093207064,0.6758432374330751,12.59534458529675,Low,0.00802297151304941,0.0790527093207064,0.6758432374330751,Routine surveillance
175,24,1342,3.8762695665032383,0.0,0.0076078921930971734,0.14099268970285417,0.0,3.9812907741571846,Low,0.0076078921930971734,0.14099268970285417,0.0,Routine surveillance
14,128,1314,4.949147338189603,0.0203125,0.007448683686814124,0.31361984524370135,0.0203125,8.592104652301382,Low,0.007448683686814124,0.31361984524370135,0.0203125,Routine surveillance
17,77,1267,3.0839734854922276,0.0,0.007181440836981861,0.013511421639940124,0.0,0.7686719912174148,Low,0.007181440836981861,0.013511421639940124,0.0,Routine surveillance
15,20,1257,3.436897352028216,0.0,0.007124580656166487,0.07029724087340561,0.0,2.1849058612051295,Low,0.007124580656166487,0.07029724087340561,0.0,Routine surveillance
81,70,1235,3.091327494527845,0.0,0.006999488258372662,0.014694689385011284,0.0,0.7873365301276417,Low,0.006999488258372662,0.014694689385011284,0.0,Routine surveillance
7,102,1009,4.207147712798377,0.0,0.005714448171945187,0.19423132949290056,0.0,5.198650127639225,Low,0.005714448171945187,0.19423132949290056,0.0,Routine surveillance
78,27,949,3.8344749761260464,0.0,0.005373287087052937,0.13426789640000747,0.0,3.679094635223363,Low,0.005373287087052937,0.13426789640000747,0.0,Routine surveillance
178,12,941,5.4181568730570815,0.0,0.005327798942400637,0.38908396992068894,0.0,10.046767184561261,Low,0.005327798942400637,0.38908396992068894,0.0,Routine surveillance
155,26,857,3.4036378474749776,0.0,0.004850173423551487,0.06494575180611062,0.0,1.9146542005658547,Low,0.004850173423551487,0.06494575180611062,0.0,Routine surveillance
5,69,776,4.385668177749746,0.0,0.004389605958946949,0.2229554590104178,0.0,5.837262832797261,Low,0.004389605958946949,0.2229554590104178,0.0,Routine surveillance
115,11,682,8.705308910825508,0.0,0.003855120259282424,0.9179901706879338,0.0,23.18106148275529,Low,0.003855120259282424,0.9179901706879338,0.0,Routine surveillance
13,69,643,5.652627580384738,0.0,0.0036333655541024618,0.42681055195249207,0.0,10.88826573205845,Low,0.0036333655541024618,0.42681055195249207,0.0,Routine surveillance
30,56,614,3.3991086512210207,0.0,0.0034684710297378744,0.06421699939195835,0.0,1.8135332465832315,Low,0.0034684710297378744,0.06421699939195835,0.0,Routine surveillance
167,46,561,7.785531600987156,0.0,0.003167112071416387,0.7699970395795906,0.0,19.43995271377475,Low,0.003167112071416387,0.7699970395795906,0.0,Routine surveillance
127,35,561,3.8958758155819453,0.0,0.003167112071416387,0.14414735568494697,0.0,3.7937106164086574,Low,0.003167112071416387,0.14414735568494697,0.0,Routine surveillance
80,23,547,4.141532745269158,0.0,0.003087507818274862,0.1836738125935894,0.0,4.777095783936226,Low,0.003087507818274862,0.1836738125935894,0.0,Routine surveillance
74,14,524,3.013922121161601,0.0,0.0029567294023994995,0.0022400838554467173,0.0,0.2334058605301379,Low,0.0029567294023994995,0.0022400838554467173,0.0,Routine surveillance
181,8,487,5.0936766034327015,0.0,0.002746346733382612,0.3368747551782304,0.0,8.586649683458717,Low,0.002746346733382612,0.3368747551782304,0.0,Routine surveillance
8,41,477,4.306440838419757,0.0,0.002689486552567237,0.21020769725177102,0.0,5.41656162444831,Low,0.002689486552567237,0.21020769725177102,0.0,Routine surveillance
118,27,428,3.82381508243496,0.0,0.0024108716665718994,0.13255270835638944,0.0,3.45847000890405,Low,0.0024108716665718994,0.13255270835638944,0.0,Routine surveillance
187,9,407,6.192804339107393,0.0,0.002291465286859612,0.5137255573785025,0.0,12.980626851674138,Low,0.002291465286859612,0.5137255573785025,0.0,Routine surveillance
168,12,405,3.0521549042191243,0.0,0.002280093250696537,0.008391778635418234,0.0,0.3466000609272481,Low,0.002280093250696537,0.008391778635418234,0.0,Routine surveillance
43,23,396,3.079036436709071,0.0,0.0022289190879626994,0.012717045327284182,0.0,0.45166127845986653,Low,0.0022289190879626994,0.012717045327284182,0.0,Routine surveillance
82,20,393,3.3137250634238584,0.0,0.002211861033718087,0.050478690816389116,0.0,1.394678932432813,Low,0.002211861033718087,0.050478690816389116,0.0,Routine surveillance
35,38,392,3.26622137846264,0.0,0.0022061750156365497,0.04283529822407728,0.0,1.203252956540125,Low,0.0022061750156365497,0.04283529822407728,0.0,Routine surveillance
21,34,392,3.0106926588178387,0.0,0.0022061750156365497,0.001720459986780165,0.0,0.1753820006076971,Low,0.0022061750156365497,0.001720459986780165,0.0,Routine surveillance
69,32,389,4.512587857876077,0.6523940107759522,0.002189116961391937,0.24337696828255462,0.6523940107759522,16.00168138638666,Low,0.002189116961391937,0.24337696828255462,0.6523940107759522,Routine surveillance
104,44,389,7.739991836070725,0.0,0.002189116961391937,0.7626696437764643,0.0,19.198088112095125,Low,0.002189116961391937,0.7626696437764643,0.0,Routine surveillance
79,14,382,3.4697719404597356,0.0,0.0021493148348211747,0.0755867965341489,0.0,2.018628803442993,Low,0.0021493148348211747,0.0755867965341489,0.0,Routine surveillance
61,31,380,3.007721745196007,0.0,0.0021379427986580996,0.0012424368778772843,0.0,0.15933748986641807,Low,0.0021379427986580996,0.0012424368778772843,0.0,Routine surveillance
47,45,360,6.1150095220683465,0.0,0.0020242224370273496,0.5012082899546817,0.0,12.651660595088684,Low,0.0020242224370273496,0.5012082899546817,0.0,Routine surveillance
34,19,332,5.628226620626802,0.0,0.0018650139307442998,0.4228844120075306,0.0,10.684011136032922,Low,0.0018650139307442998,0.4228844120075306,0.0,Routine surveillance
71,15,324,4.550185053941255,1.0,0.0018195257860919999,0.24942639645072484,1.0,21.344831458433642,Low,0.0018195257860919999,0.24942639645072484,1.0,Routine surveillance
135,11,321,3.075707129365666,0.0,0.0018024677318473873,0.01218135629375161,0.0,0.41268197125463346,Low,0.0018024677318473873,0.01218135629375161,0.0,Routine surveillance
0,41,318,4.660614140677869,0.1449067431850789,0.0017854096776027748,0.26719455199965714,0.1449067431850789,8.960589528423778,Low,0.0017854096776027748,0.26719455199965714,0.1449067431850789,Routine surveillance
105,17,316,4.714857702058303,0.0,0.0017740376414396998,0.2759223977567664,0.0,7.0045022024055426,Low,0.0017740376414396998,0.2759223977567664,0.0,Routine surveillance
129,33,310,3.145675097412743,0.0,0.0017399215329504747,0.02343927552900127,0.0,0.6903771802020602,Low,0.0017399215329504747,0.02343927552900127,0.0,Routine surveillance
93,47,303,3.839855795950304,0.0,0.0017001194063797124,0.13513367593729753,0.0,3.480349062815221,Low,0.0017001194063797124,0.13513367593729753,0.0,Routine surveillance
59,21,296,8.449511104678278,0.0,0.0016603172798089498,0.8768320361509699,0.0,22.020419940562785,Low,0.0016603172798089498,0.8768320361509699,0.0,Routine surveillance
62,53,271,6.047631322766477,0.0,0.0015181668277705123,0.4903670672190631,0.0,12.350266690142808,Low,0.0015181668277705123,0.4903670672190631,0.0,Routine surveillance
106,15,244,3.0289206917113893,0.0,0.0013646443395689998,0.004653369543264618,0.0,0.19821289895575545,Low,0.0013646443395689998,0.004653369543264618,0.0,Routine surveillance
122,27,242,8.09384114079236,1.0,0.001353272303405925,0.8196043669818761,1.0,35.57130551275126,Medium,0.001353272303405925,0.8196043669818761,1.0,Periodic monitoring
91,7,240,3.059308793940111,0.0,0.0013419002672428498,0.009542846973469243,0.0,0.31908519037130206,Low,0.0013419002672428498,0.009542846973469243,0.0,Routine surveillance
25,14,237,3.031448149551598,0.0,0.0013248422129982374,0.005060040153113121,0.0,0.20599153660772226,Low,0.0013248422129982374,0.005060040153113121,0.0,Routine surveillance
37,34,233,3.9598095496433094,0.0,0.0013020981406720873,0.15443436036095082,0.0,3.9389848974640955,Low,0.0013020981406720873,0.15443436036095082,0.0,Routine surveillance
85,19,232,4.2002548744743216,0.0,0.00129641212259055,0.19312226459763826,0.0,4.905841342296389,Low,0.00129641212259055,0.19312226459763826,0.0,Routine surveillance
50,24,227,3.018742747702946,0.0,0.0012679820321828625,0.003015727707634086,0.0,0.15147211462182392,Low,0.0012679820321828625,0.003015727707634086,0.0,Routine surveillance
87,12,225,5.169303972874143,0.0,0.0012566099960197874,0.34904327801675683,0.0,8.801478550180109,Low,0.0012566099960197874,0.34904327801675683,0.0,Routine surveillance
131,17,217,3.1338235294117647,0.0,0.0012111218513674875,0.021532345842600886,0.0,0.6109759571470714,Low,0.0012111218513674875,0.021532345842600886,0.0,Routine surveillance
77,16,212,3.1709242724867726,0.0,0.0011826917609598,0.02750189420543403,0.0,0.7585088607934387,Low,0.0011826917609598,0.02750189420543403,0.0,Routine surveillance
111,23,208,3.054343951019143,0.0,0.0011599476886336498,0.008743998554970711,0.0,0.28819682519228673,Low,0.0011599476886336498,0.008743998554970711,0.0,Routine surveillance
64,14,207,3.8335034013605442,0.0,0.0011542616705521125,0.13411156900411014,0.0,3.4220449253358804,Low,0.0011542616705521125,0.13411156900411014,0.0,Routine surveillance
102,21,203,3.186507221751582,0.0,0.0011315175982259623,0.030009207039675356,0.0,0.8181212318854417,Low,0.0011315175982259623,0.030009207039675356,0.0,Routine surveillance
76,27,199,4.973723097666334,0.0,0.0011087735258998124,0.3175741106462324,0.0,8.005879177709799,Low,0.0011087735258998124,0.3175741106462324,0.0,Routine surveillance
58,16,190,4.65876027830487,0.0,0.001057599363165975,0.266896263604967,0.0,6.735862551914133,Low,0.001057599363165975,0.266896263604967,0.0,Routine surveillance
27,29,184,4.752409447044479,0.0,0.00102348325467675,0.28196451279878987,0.0,7.110521815250352,Low,0.00102348325467675,0.28196451279878987,0.0,Routine surveillance
31,25,175,3.888162393162393,0.9163156288156289,0.0009723090919429125,0.14290625795050582,0.9163156288156289,17.375729426513654,Low,0.0009723090919429125,0.14290625795050582,0.9163156288156289,Routine surveillance
176,5,172,3.56,0.0,0.0009552510376982998,0.09010458567980695,0.0,2.3099297042570717,Low,0.0009552510376982998,0.09010458567980695,0.0,Routine surveillance
92,13,168,3.0242553312320757,0.0,0.0009325069653721499,0.0039027081628440485,0.0,0.1535181219934302,Low,0.0009325069653721499,0.0039027081628440485,0.0,Routine surveillance
42,18,167,3.1439193522526856,0.7962962962962963,0.0009268209472906125,0.0231567742964901,0.7962962962962963,12.578973058694132,Low,0.0009268209472906125,0.0231567742964901,0.7962962962962963,Routine surveillance
39,17,143,3.0294117647058822,0.0,0.0007903565133337124,0.004732383701670562,0.0,0.16573098334178676,Low,0.0007903565133337124,0.004732383701670562,0.0,Routine surveillance
172,7,140,7.759454542910317,0.0,0.0007732984590890999,0.7658012136621589,0.0,19.191428249099317,Low,0.0007732984590890999,0.7658012136621589,0.0,Routine surveillance
86,25,139,5.191486861951258,0.0,0.0007676124410075625,0.3526125280693899,0.0,8.861369948195202,Low,0.0007676124410075625,0.3526125280693899,0.0,Routine surveillance
26,23,126,5.119565217391305,0.0,0.000693694205947575,0.3410402602399525,0.0,8.567628158355667,Low,0.000693694205947575,0.3410402602399525,0.0,Routine surveillance
107,6,124,4.608091787439613,0.0,0.0006823221697845,0.2587436504327616,0.0,6.5095305910061105,Low,0.0006823221697845,0.2587436504327616,0.0,Routine surveillance
145,12,117,7.656817455753626,0.0,0.0006425200432137374,0.749286798994952,0.0,18.770721177466623,Low,0.0006425200432137374,0.749286798994952,0.0,Routine surveillance
158,9,113,5.377855172801982,0.0,0.0006197759708875875,0.3825993841998362,0.0,9.60217116324916,Low,0.0006197759708875875,0.3825993841998362,0.0,Routine surveillance
49,7,110,3.7157738095238098,0.0,0.000602717916642975,0.11516875454928555,0.0,2.915381938730717,Low,0.000602717916642975,0.11516875454928555,0.0,Routine surveillance
112,7,107,3.001503759398496,0.0015037593984962405,0.0005856598623983625,0.00024195645993502213,0.0015037593984962405,0.0637448942197209,Low,0.0005856598623983625,0.00024195645993502213,0.0015037593984962405,Routine surveillance
33,16,103,3.054926470588235,0.0,0.0005629157900722125,0.008837726562869685,0.0,0.2547181114760749,Low,0.0005629157900722125,0.008837726562869685,0.0,Routine surveillance
205,8,102,7.493162393162393,0.0,0.000557229771990675,0.7229545282642628,0.0,18.10729699292601,Low,0.000557229771990675,0.7229545282642628,0.0,Routine surveillance
60,20,97,4.068181818181818,0.0,0.0005287996815829875,0.1718715717106707,0.0,4.328517273661746,Low,0.0005287996815829875,0.1718715717106707,0.0,Routine surveillance
191,5,97,6.534750162232316,0.0,0.0005287996815829875,0.5687449979456664,0.0,14.25035292953664,Low,0.0005287996815829875,0.5687449979456664,0.0,Routine surveillance
88,13,97,3.5494529222464446,0.0,0.0005287996815829875,0.08840754983852694,0.0,2.241916726858153,Low,0.0005287996815829875,0.08840754983852694,0.0,Routine surveillance
46,7,97,6.271221532091097,0.0,0.0005287996815829875,0.5263429657427349,0.0,13.190302124463352,Low,0.0005287996815829875,0.5263429657427349,0.0,Routine surveillance
138,16,91,6.526444327731093,0.5238970588235294,0.0004946835730937624,0.5674085804877059,0.5238970588235294,22.073351408931213,Low,0.0004946835730937624,0.5674085804877059,0.5238970588235294,Routine surveillance
4,25,91,3.1,0.0,0.0004946835730937624,0.016090104585679832,0.0,0.43193362902762156,Low,0.0004946835730937624,0.016090104585679832,0.0,Routine surveillance
38,6,90,4.377923976608187,0.0,0.000488997555012225,0.22170940894741553,0.0,5.572075076986121,Low,0.000488997555012225,0.22170940894741553,0.0,Routine surveillance
56,10,89,3.0025,0.0,0.0004833115369306874,0.0004022526146419958,0.0,0.03905500758189114,Low,0.0004833115369306874,0.0004022526146419958,0.0,Routine surveillance
63,8,87,3.1285211267605635,0.0,0.00047193950076761243,0.02067918371046884,0.0,0.5452959628077778,Low,0.00047193950076761243,0.02067918371046884,0.0,Routine surveillance
151,9,87,5.600791155036438,0.0,0.00047193950076761243,0.4184700169004728,0.0,10.490066792557878,Low,0.00047193950076761243,0.4184700169004728,0.0,Routine surveillance
177,10,86,4.044632034632035,0.0,0.0004662534826860749,0.1680823869078094,0.0,4.2300348816564,Low,0.0004662534826860749,0.1680823869078094,0.0,Routine surveillance
132,13,82,3.7310897435897434,0.0,0.00044350941035992494,0.11763310435876806,0.0,2.967438173590797,Low,0.00044350941035992494,0.11763310435876806,0.0,Routine surveillance
68,15,82,3.025641025641026,0.0,0.00044350941035992494,0.004125667842482084,0.0,0.1297522606836476,Low,0.00044350941035992494,0.004125667842482084,0.0,Routine surveillance
128,6,74,3.4523358585858586,0.0,0.00039802126570762493,0.07278131272499744,0.0,1.8434140940673933,Low,0.00039802126570762493,0.07278131272499744,0.0,Routine surveillance
206,5,74,4.2153846153846155,0.0,0.00039802126570762493,0.1955566557336469,0.0,4.91279766928363,Low,0.00039802126570762493,0.1955566557336469,0.0,Routine surveillance
159,9,73,3.2916666666666665,0.0,0.00039233524762608744,0.046929471708232806,0.0,1.1967769075633854,Low,0.00039233524762608744,0.046929471708232806,0.0,Routine surveillance
170,10,72,3.671927803379416,0.0,0.00038664922954454996,0.10811388630400909,0.0,2.7260461113729,Low,0.00038664922954454996,0.10811388630400909,0.0,Routine surveillance
108,11,71,3.151048951048951,0.0,0.00038096321146301247,0.02430393419934851,0.0,0.6304561476714935,Low,0.00038096321146301247,0.02430393419934851,0.0,Routine surveillance
149,12,71,3.0872140522875817,0.0,0.00038096321146301247,0.014032832226481384,0.0,0.3736785983498153,Low,0.00038096321146301247,0.014032832226481384,0.0,Routine surveillance
143,5,71,3.503921568627451,0.0,0.00038096321146301247,0.08108150742195508,0.0,2.0498954782366576,Low,0.00038096321146301247,0.08108150742195508,0.0,Routine surveillance
192,9,69,4.356825396825396,0.0,0.00036959117529993744,0.21831462539427138,0.0,5.480041105374781,Low,0.00036959117529993744,0.21831462539427138,0.0,Routine surveillance
89,22,66,4.149891774891775,0.0,0.0003525331210553249,0.18501878920221648,0.0,4.646621717318731,Low,0.0003525331210553249,0.18501878920221648,0.0,Routine surveillance
114,9,65,4.618055555555555,0.0,0.00034684710297378744,0.26034683114329127,0.0,6.529481604760709,Low,0.00034684710297378744,0.26034683114329127,0.0,Routine surveillance
22,29,64,4.317528735632184,0.0,0.00034116108489224995,0.21199175150960325,0.0,5.320263452833617,Low,0.00034116108489224995,0.21199175150960325,0.0,Routine surveillance
203,5,63,5.640372670807453,0.0,0.00033547506681071246,0.4248387241846264,0.0,10.641096608624304,Low,0.00033547506681071246,0.4248387241846264,0.0,Routine surveillance
166,14,62,3.0,0.0,0.000329789048729175,0.0,0.0,0.0197873429237505,Low,0.000329789048729175,0.0,0.0,Routine surveillance
72,12,62,4.103918650793651,0.0,0.000329789048729175,0.17762166545352398,0.0,4.46032897926185,Low,0.000329789048729175,0.17762166545352398,0.0,Routine surveillance
29,8,61,3.0271739130434785,0.0,0.00032410303064763743,0.004372311028717379,0.0,0.12875395755679275,Low,0.00032410303064763743,0.004372311028717379,0.0,Routine surveillance
121,14,61,4.076530612244897,0.0,0.00032410303064763743,0.1732149014070632,0.0,4.349818717015438,Low,0.00032410303064763743,0.1732149014070632,0.0,Routine surveillance
66,12,59,3.033333333333333,0.0,0.00031273099448456246,0.005363368195226592,0.0,0.15284806454973857,Low,0.00031273099448456246,0.005363368195226592,0.0,Routine surveillance
141,5,56,3.5768292682926828,0.0,0.00029567294023994994,0.0928124325491042,0.0,2.3380511901420022,Low,0.00029567294023994994,0.0928124325491042,0.0,Routine surveillance
193,8,56,3.4625,0.0,0.00029567294023994994,0.07441673370876911,0.0,1.8781587191336249,Low,0.00029567294023994994,0.07441673370876911,0.0,Routine surveillance
57,7,55,6.974221267454349,0.0,0.00028998692215841245,0.6394563583997345,0.0,16.003808175322867,Low,0.00028998692215841245,0.6394563583997345,0.0,Routine surveillance
183,8,54,3.8,0.0,0.00028430090407687497,0.12872083668543843,0.0,3.2350789713805734,Low,0.00028430090407687497,0.12872083668543843,0.0,Routine surveillance
150,5,54,4.012422360248448,0.8987012987012987,0.00028430090407687497,0.1628998166127833,0.8987012987012987,17.570072950083674,Low,0.00028430090407687497,0.1628998166127833,0.8987012987012987,Routine surveillance
75,5,51,3.0454545454545454,0.0,0.00026724284983226245,0.007313683902581747,0.0,0.19887666855447939,Low,0.00026724284983226245,0.007313683902581747,0.0,Routine surveillance
164,14,50,4.238970588235294,0.0,0.00026155683175072496,0.19935166343287125,0.0,4.999484995726824,Low,0.00026155683175072496,0.19935166343287125,0.0,Routine surveillance
126,6,50,3.005747126436782,0.0,0.00026155683175072496,0.0009247186543495101,0.0,0.03881137626378125,Low,0.00026155683175072496,0.0009247186543495101,0.0,Routine surveillance
173,6,50,3.03125,0.0,0.00026155683175072496,0.0050281576830249475,0.0,0.1413973519806672,Low,0.00026155683175072496,0.0050281576830249475,0.0,Routine surveillance
179,5,50,3.2043478260869565,0.0,0.00026155683175072496,0.032879778935954396,0.0,0.8376878833039034,Low,0.00026155683175072496,0.032879778935954396,0.0,Routine surveillance
95,8,50,4.28125,1.0,0.00026155683175072496,0.20615446500402257,1.0,20.169555035005608,Low,0.00026155683175072496,0.20615446500402257,1.0,Routine surveillance
84,12,49,3.717592592592593,1.0,0.0002558708136691875,0.11546139864723948,1.0,17.90188721500114,Low,0.0002558708136691875,0.11546139864723948,1.0,Routine surveillance
109,10,49,3.9799999999999995,0.0,0.0002558708136691875,0.15768302493966202,0.0,3.9574278723117016,Low,0.0002558708136691875,0.15768302493966202,0.0,Routine surveillance
119,8,49,4.182142857142857,0.0,0.0002558708136691875,0.19020802206642917,0.0,4.77055280048088,Low,0.0002558708136691875,0.19020802206642917,0.0,Routine surveillance
209,8,48,3.1291666666666664,0.0,0.00025018479558764993,0.02078305175650308,0.0,0.534587381647836,Low,0.00025018479558764993,0.02078305175650308,0.0,Routine surveillance
99,5,48,3.1659340659340662,0.0,0.00025018479558764993,0.026698964752062126,0.0,0.6824852065368122,Low,0.00025018479558764993,0.026698964752062126,0.0,Routine surveillance
137,10,48,9.215,0.595,0.00025018479558764993,1.0,0.595,33.94001108773526,Medium,0.00025018479558764993,1.0,0.595,Periodic monitoring
152,9,45,4.533068783068783,0.0,0.00023312674134303747,0.24667237056617597,0.0,6.180796868634982,Low,0.00023312674134303747,0.24667237056617597,0.0,Routine surveillance
162,9,43,4.311728395061729,0.0,0.00022175470517996244,0.21105847064549133,0.0,5.289767048448081,Low,0.00022175470517996244,0.21105847064549133,0.0,Routine surveillance
24,13,43,3.0,0.0,0.00022175470517996244,0.0,0.0,0.013305282310797747,Low,0.00022175470517996244,0.0,0.0,Routine surveillance
98,14,42,3.0595238095238098,0.0,0.00021606868709842496,0.00957744320576187,0.0,0.2524002013699523,Low,0.00021606868709842496,0.00957744320576187,0.0,Routine surveillance
51,9,42,3.0,0.0,0.00021606868709842496,0.0,0.0,0.012964121225905498,Low,0.00021606868709842496,0.0,0.0,Routine surveillance
96,10,42,6.428717948717948,0.0,0.00021606868709842496,0.5516843038966933,0.0,13.805071718643239,Low,0.00021606868709842496,0.5516843038966933,0.0,Routine surveillance
200,5,41,3.0,0.0,0.00021038266901688747,0.0,0.0,0.012622960141013247,Low,0.00021038266901688747,0.0,0.0,Routine surveillance
124,10,40,3.514285714285714,0.0,0.00020469665093534998,0.08274910929778179,0.0,2.0810095315006656,Low,0.00020469665093534998,0.08274910929778179,0.0,Routine surveillance
28,13,40,3.0,0.0,0.00020469665093534998,0.0,0.0,0.012281799056121,Low,0.00020469665093534998,0.0,0.0,Routine surveillance
202,6,39,3.0833333333333335,0.0,0.00019901063285381247,0.013408420488066564,0.0,0.34715115017289283,Low,0.00019901063285381247,0.013408420488066564,0.0,Routine surveillance
207,5,38,6.344285714285714,0.0,0.00019332461477227498,0.5380990690725204,0.0,13.464076203699346,Low,0.00019332461477227498,0.5380990690725204,0.0,Routine surveillance
144,6,37,4.695614035087719,0.0,0.00018763859669073746,0.27282607161507955,0.0,6.831910106178434,Low,0.00018763859669073746,0.27282607161507955,0.0,Routine surveillance
18,5,37,3.4609523809523806,0.0,0.00018763859669073746,0.07416772018541928,0.0,1.8654513204369263,Low,0.00018763859669073746,0.07416772018541928,0.0,Routine surveillance
184,7,35,4.670068027210884,0.0,0.00017626656052766246,0.26871569223023073,0.0,6.728468299387427,Low,0.00017626656052766246,0.26871569223023073,0.0,Routine surveillance
97,7,35,4.976190476190476,0.0,0.00017626656052766246,0.31797111443129145,0.0,7.959853854413945,Low,0.00017626656052766246,0.31797111443129145,0.0,Routine surveillance
10,5,35,5.708888888888889,0.0,0.00017626656052766246,0.4358630553320819,0.0,10.907152376933707,Low,0.00017626656052766246,0.4358630553320819,0.0,Routine surveillance
140,6,35,6.169444444444444,0.0,0.00017626656052766246,0.5099669258961295,0.0,12.759749141034895,Low,0.00017626656052766246,0.5099669258961295,0.0,Routine surveillance
199,5,34,4.236086956521739,0.0,0.00017058054244612497,0.19888768407429436,0.0,4.982426934404127,Low,0.00017058054244612497,0.19888768407429436,0.0,Routine surveillance
55,5,34,7.220000000000001,0.0,0.00017058054244612497,0.6790024135156879,0.0,16.985295170438967,Low,0.00017058054244612497,0.6790024135156879,0.0,Routine surveillance
32,7,32,3.0,0.0,0.00015920850628304997,0.0,0.0,0.009552510376982999,Low,0.00015920850628304997,0.0,0.0,Routine surveillance
212,5,32,3.0,0.0,0.00015920850628304997,0.0,0.0,0.009552510376982999,Low,0.00015920850628304997,0.0,0.0,Routine surveillance
134,5,31,3.0,0.0,0.00015352248820151249,0.0,0.0,0.00921134929209075,Low,0.00015352248820151249,0.0,0.0,Routine surveillance
188,6,31,3.0,0.75,0.00015352248820151249,0.0,0.75,11.259211349292089,Low,0.00015352248820151249,0.0,0.75,Routine surveillance
153,10,31,3.4285714285714284,0.0,0.00015352248820151249,0.06895759108148491,0.0,1.7331511263292136,Low,0.00015352248820151249,0.06895759108148491,0.0,Routine surveillance
9,5,31,3.1,0.0,0.00015352248820151249,0.016090104585679832,0.0,0.4114639639340866,Low,0.00015352248820151249,0.016090104585679832,0.0,Routine surveillance
147,8,31,3.354166666666667,0.0,0.00015352248820151249,0.0569857870742827,0.0,1.4338560261491582,Low,0.00015352248820151249,0.0569857870742827,0.0,Routine surveillance
136,8,30,3.15,0.0,0.00014783647011997497,0.024135156878519748,0.0,0.6122491101701922,Low,0.00014783647011997497,0.024135156878519748,0.0,Routine surveillance
210,5,27,3.172222222222222,0.0,0.00013077841587536248,0.02771073567533744,0.0,0.7006150968359578,Low,0.00013077841587536248,0.02771073567533744,0.0,Routine surveillance
180,7,27,3.610989010989011,0.0,0.00013077841587536248,0.09830877087514256,0.0,2.4655659768310856,Low,0.00013077841587536248,0.09830877087514256,0.0,Routine surveillance
211,5,26,5.4,0.0,0.00012509239779382497,0.3861625100563154,0.0,9.661568295275515,Low,0.00012509239779382497,0.3861625100563154,0.0,Routine surveillance
45,6,26,6.777777777777779,0.0,0.00012509239779382497,0.6078483954590151,0.0,15.20371543034301,Low,0.00012509239779382497,0.6078483954590151,0.0,Routine surveillance
44,5,25,3.0,0.0,0.00011940637971228748,0.0,0.0,0.007164382782737248,Low,0.00011940637971228748,0.0,0.0,Routine surveillance
165,5,25,5.23974358974359,1.0,0.00011940637971228748,0.3603770860408029,1.0,24.01659153380281,Low,0.00011940637971228748,0.3603770860408029,1.0,Routine surveillance
90,7,25,3.5714285714285716,0.0,0.00011940637971228748,0.0919434547753133,0.0,2.3057507521655696,Low,0.00011940637971228748,0.0919434547753133,0.0,Routine surveillance
103,9,24,3.0555555555555554,0.0,0.00011372036163074997,0.008938946992044339,0.0,0.23029689649895346,Low,0.00011372036163074997,0.008938946992044339,0.0,Routine surveillance
161,7,24,3.4285714285714284,0.0,0.00011372036163074997,0.06895759108148491,0.0,1.730762998734968,Low,0.00011372036163074997,0.06895759108148491,0.0,Routine surveillance
142,8,24,3.7351190476190474,0.0,0.00011372036163074997,0.11828142359115812,0.0,2.963858811476798,Low,0.00011372036163074997,0.11828142359115812,0.0,Routine surveillance
201,7,23,3.142857142857143,0.0,0.00010803434354921248,0.022985863693828268,0.0,0.5811286529586595,Low,0.00010803434354921248,0.022985863693828268,0.0,Routine surveillance
174,7,22,3.476190476190476,0.0,0.00010234832546767499,0.0766195456460943,0.0,1.9216295406804178,Low,0.00010234832546767499,0.0766195456460943,0.0,Routine surveillance
110,7,22,3.2333333333333334,0.0,0.00010234832546767499,0.0375435773665862,0.0,0.9447303336927155,Low,0.00010234832546767499,0.0375435773665862,0.0,Routine surveillance
120,5,22,4.244761904761905,0.0,0.00010234832546767499,0.20028349231889064,0.0,5.013228207500327,Low,0.00010234832546767499,0.20028349231889064,0.0,Routine surveillance
195,6,22,3.074074074074074,0.0,0.00010234832546767499,0.011918595989392433,0.0,0.30410579926287135,Low,0.00010234832546767499,0.011918595989392433,0.0,Routine surveillance
123,9,21,4.148148148148149,1.0,9.666230738613748e-05,0.18473823783558307,1.0,19.624255684332745,Low,9.666230738613748e-05,0.18473823783558307,1.0,Routine surveillance
171,5,21,3.0285714285714285,0.0,9.666230738613748e-05,0.004597172738765698,0.0,0.12072905691231069,Low,9.666230738613748e-05,0.004597172738765698,0.0,Routine surveillance
130,8,20,3.625,0.0,9.097628930459999e-05,0.10056315366049884,0.0,2.519537418870747,Low,9.097628930459999e-05,0.10056315366049884,0.0,Routine surveillance
100,7,20,3.0634920634920633,0.0,9.097628930459999e-05,0.010215939419479236,0.0,0.26085706284525695,Low,9.097628930459999e-05,0.010215939419479236,0.0,Routine surveillance
94,6,20,3.0833333333333335,0.0,9.097628930459999e-05,0.013408420488066564,0.0,0.34066908955994013,Low,9.097628930459999e-05,0.013408420488066564,0.0,Routine surveillance
53,6,19,3.0208333333333335,0.0,8.52902712230625e-05,0.0033521051220166687,0.0,0.08892004432380048,Low,8.52902712230625e-05,0.0033521051220166687,0.0,Routine surveillance
133,5,19,3.2222222222222223,0.0,8.52902712230625e-05,0.035755787968177355,0.0,0.8990121154778177,Low,8.52902712230625e-05,0.035755787968177355,0.0,Routine surveillance
113,5,19,3.4,0.0,8.52902712230625e-05,0.06436041834271922,0.0,1.614127874841364,Low,8.52902712230625e-05,0.06436041834271922,0.0,Routine surveillance
169,5,18,3.066666666666667,0.0,7.960425314152499e-05,0.01072673639045324,0.0,0.2729446649498225,Low,7.960425314152499e-05,0.01072673639045324,0.0,Routine surveillance
125,5,18,3.1076923076923078,0.0,7.960425314152499e-05,0.01732780493842445,0.0,0.4379713786491028,Low,7.960425314152499e-05,0.01732780493842445,0.0,Routine surveillance
116,8,18,3.0,0.0,7.960425314152499e-05,0.0,0.0,0.004776255188491499,Low,7.960425314152499e-05,0.0,0.0,Routine surveillance
41,7,17,4.214285714285714,0.0,7.39182350599875e-05,0.1953798413975406,0.0,4.888931129042114,Low,7.39182350599875e-05,0.1953798413975406,0.0,Routine surveillance
40,8,17,4.822916666666667,0.0,7.39182350599875e-05,0.29330919817645484,0.0,7.33716504851497,Low,7.39182350599875e-05,0.29330919817645484,0.0,Routine surveillance
185,6,16,3.0,0.0,6.823221697844998e-05,0.0,0.0,0.004093933018706999,Low,6.823221697844998e-05,0.0,0.0,Routine surveillance
101,6,16,3.9,0.0,6.823221697844998e-05,0.14481094127111827,0.0,3.6243674647966637,Low,6.823221697844998e-05,0.14481094127111827,0.0,Routine surveillance
190,5,16,4.0,0.2,6.823221697844998e-05,0.1609010458567981,0.2,7.026620079438659,Low,6.823221697844998e-05,0.1609010458567981,0.2,Routine surveillance
198,5,16,3.6,0.0,6.823221697844998e-05,0.09654062751407888,0.0,2.417609620870679,Low,6.823221697844998e-05,0.09654062751407888,0.0,Routine surveillance
139,6,16,3.3055555555555554,0.0,6.823221697844998e-05,0.04916420845624381,0.0,1.2331991444248023,Low,6.823221697844998e-05,0.04916420845624381,0.0,Routine surveillance
83,6,15,3.4166666666666665,0.0,6.25461988969125e-05,0.06704210244033249,0.0,1.6798053329421267,Low,6.25461988969125e-05,0.06704210244033249,0.0,Routine surveillance
117,5,15,3.3777777777777778,0.0,6.25461988969125e-05,0.060784839545901526,0.0,1.5233737605813529,Low,6.25461988969125e-05,0.060784839545901526,0.0,Routine surveillance
194,5,14,3.166666666666667,0.0,5.686018081537499e-05,0.026816840976133127,0.0,0.6738326352522507,Low,5.686018081537499e-05,0.026816840976133127,0.0,Routine surveillance
52,7,14,3.0,0.0,5.686018081537499e-05,0.0,0.0,0.0034116108489224994,Low,5.686018081537499e-05,0.0,0.0,Routine surveillance
182,5,14,3.0,0.0,5.686018081537499e-05,0.0,0.0,0.0034116108489224994,Low,5.686018081537499e-05,0.0,0.0,Routine surveillance
54,7,13,3.642857142857143,0.2857142857142857,5.117416273383749e-05,0.10343638662222732,0.2857142857142857,6.874694401033999,Low,5.117416273383749e-05,0.10343638662222732,0.2857142857142857,Routine surveillance
189,8,13,3.85,1.0,5.117416273383749e-05,0.13676588897827835,1.0,18.422217674220988,Low,5.117416273383749e-05,0.13676588897827835,1.0,Routine surveillance
163,5,11,3.0,0.0,3.98021265707625e-05,0.0,0.0,0.00238812759424575,Low,3.98021265707625e-05,0.0,0.0,Routine surveillance
197,5,11,3.4333333333333336,0.0,3.98021265707625e-05,0.06972378653794586,0.0,1.7454827910428923,Low,3.98021265707625e-05,0.06972378653794586,0.0,Routine surveillance
156,5,10,5.2,0.0,3.4116108489225e-05,0.35398230088495586,0.0,8.85160448863325,Low,3.4116108489225e-05,0.35398230088495586,0.0,Routine surveillance
157,5,9,5.866666666666666,1.0,2.8430090407687498e-05,0.4612496647894878,1.0,26.53294742516166,Medium,2.8430090407687498e-05,0.4612496647894878,1.0,Periodic monitoring
160,5,9,6.066666666666666,0.0,2.8430090407687498e-05,0.49342987396084736,0.0,12.337452654445645,Low,2.8430090407687498e-05,0.49342987396084736,0.0,Routine surveillance
213,5,8,4.8,0.0,2.2744072326149997e-05,0.28962188254223653,0.0,7.241911707895482,Low,2.2744072326149997e-05,0.28962188254223653,0.0,Routine surveillance
146,6,8,3.0,0.0,2.2744072326149997e-05,0.0,0.0,0.0013646443395689998,Low,2.2744072326149997e-05,0.0,0.0,Routine surveillance
154,4,8,3.0,0.0,2.2744072326149997e-05,0.0,0.0,0.0013646443395689998,Low,2.2744072326149997e-05,0.0,0.0,Routine surveillance
186,5,8,3.3333333333333335,0.0,2.2744072326149997e-05,0.05363368195226603,0.0,1.34220669314622,Low,2.2744072326149997e-05,0.05363368195226603,0.0,Routine surveillance
204,6,8,3.3333333333333335,0.0,2.2744072326149997e-05,0.05363368195226603,0.0,1.34220669314622,Low,2.2744072326149997e-05,0.05363368195226603,0.0,Routine surveillance
196,6,7,4.666666666666667,0.0,1.7058054244612496e-05,0.26816840976133016,0.0,6.705233727287931,Low,1.7058054244612496e-05,0.26816840976133016,0.0,Routine surveillance
148,5,6,4.0,1.0,1.1372036163074995e-05,0.1609010458567981,1.0,19.023208468589736,Low,1.1372036163074995e-05,0.1609010458567981,1.0,Routine surveillance
208,3,4,3.0,1.0,0.0,0.0,1.0,15.0,Low,0.0,0.0,1.0,Routine surveillance
